date_id;date_value;date_iso;day;day_of_week;week;month;quarter;year;day_of_year;day_text;month_text;quarter_text;day_text_abbrev;month_text_abbrev
8037;2022-01-01;2022-01-01;1;7;1;1;1;2022;1;Saturday;January;Q1;Sat;Jan
8038;2022-01-02;2022-01-02;2;1;2;1;1;2022;2;Sunday;January;Q1;Sun;Jan
8039;2022-01-03;2022-01-03;3;2;2;1;1;2022;3;Monday;January;Q1;Mon;Jan
8040;2022-01-04;2022-01-04;4;3;2;1;1;2022;4;Tuesday;January;Q1;Tue;Jan
8041;2022-01-05;2022-01-05;5;4;2;1;1;2022;5;Wednesday;January;Q1;Wed;Jan
8042;2022-01-06;2022-01-06;6;5;2;1;1;2022;6;Thursday;January;Q1;Thu;Jan
8043;2022-01-07;2022-01-07;7;6;2;1;1;2022;7;Friday;January;Q1;Fri;Jan
8044;2022-01-08;2022-01-08;8;7;2;1;1;2022;8;Saturday;January;Q1;Sat;Jan
8045;2022-01-09;2022-01-09;9;1;3;1;1;2022;9;Sunday;January;Q1;Sun;Jan
8046;2022-01-10;2022-01-10;10;2;3;1;1;2022;10;Monday;January;Q1;Mon;Jan
8047;2022-01-11;2022-01-11;11;3;3;1;1;2022;11;Tuesday;January;Q1;Tue;Jan
8048;2022-01-12;2022-01-12;12;4;3;1;1;2022;12;Wednesday;January;Q1;Wed;Jan
8049;2022-01-13;2022-01-13;13;5;3;1;1;2022;13;Thursday;January;Q1;Thu;Jan
8050;2022-01-14;2022-01-14;14;6;3;1;1;2022;14;Friday;January;Q1;Fri;Jan
8051;2022-01-15;2022-01-15;15;7;3;1;1;2022;15;Saturday;January;Q1;Sat;Jan
8052;2022-01-16;2022-01-16;16;1;4;1;1;2022;16;Sunday;January;Q1;Sun;Jan
8053;2022-01-17;2022-01-17;17;2;4;1;1;2022;17;Monday;January;Q1;Mon;Jan
8054;2022-01-18;2022-01-18;18;3;4;1;1;2022;18;Tuesday;January;Q1;Tue;Jan
8055;2022-01-19;2022-01-19;19;4;4;1;1;2022;19;Wednesday;January;Q1;Wed;Jan
8056;2022-01-20;2022-01-20;20;5;4;1;1;2022;20;Thursday;January;Q1;Thu;Jan
8057;2022-01-21;2022-01-21;21;6;4;1;1;2022;21;Friday;January;Q1;Fri;Jan
8058;2022-01-22;2022-01-22;22;7;4;1;1;2022;22;Saturday;January;Q1;Sat;Jan
8059;2022-01-23;2022-01-23;23;1;5;1;1;2022;23;Sunday;January;Q1;Sun;Jan
8060;2022-01-24;2022-01-24;24;2;5;1;1;2022;24;Monday;January;Q1;Mon;Jan
8061;2022-01-25;2022-01-25;25;3;5;1;1;2022;25;Tuesday;January;Q1;Tue;Jan
8062;2022-01-26;2022-01-26;26;4;5;1;1;2022;26;Wednesday;January;Q1;Wed;Jan
8063;2022-01-27;2022-01-27;27;5;5;1;1;2022;27;Thursday;January;Q1;Thu;Jan
8064;2022-01-28;2022-01-28;28;6;5;1;1;2022;28;Friday;January;Q1;Fri;Jan
8065;2022-01-29;2022-01-29;29;7;5;1;1;2022;29;Saturday;January;Q1;Sat;Jan
8066;2022-01-30;2022-01-30;30;1;6;1;1;2022;30;Sunday;January;Q1;Sun;Jan
8067;2022-01-31;2022-01-31;31;2;6;1;1;2022;31;Monday;January;Q1;Mon;Jan
8068;2022-02-01;2022-02-01;1;3;6;2;1;2022;32;Tuesday;February;Q1;Tue;Feb
8069;2022-02-02;2022-02-02;2;4;6;2;1;2022;33;Wednesday;February;Q1;Wed;Feb
8070;2022-02-03;2022-02-03;3;5;6;2;1;2022;34;Thursday;February;Q1;Thu;Feb
8071;2022-02-04;2022-02-04;4;6;6;2;1;2022;35;Friday;February;Q1;Fri;Feb
8072;2022-02-05;2022-02-05;5;7;6;2;1;2022;36;Saturday;February;Q1;Sat;Feb
8073;2022-02-06;2022-02-06;6;1;7;2;1;2022;37;Sunday;February;Q1;Sun;Feb
8074;2022-02-07;2022-02-07;7;2;7;2;1;2022;38;Monday;February;Q1;Mon;Feb
8075;2022-02-08;2022-02-08;8;3;7;2;1;2022;39;Tuesday;February;Q1;Tue;Feb
8076;2022-02-09;2022-02-09;9;4;7;2;1;2022;40;Wednesday;February;Q1;Wed;Feb
8077;2022-02-10;2022-02-10;10;5;7;2;1;2022;41;Thursday;February;Q1;Thu;Feb
8078;2022-02-11;2022-02-11;11;6;7;2;1;2022;42;Friday;February;Q1;Fri;Feb
8079;2022-02-12;2022-02-12;12;7;7;2;1;2022;43;Saturday;February;Q1;Sat;Feb
8080;2022-02-13;2022-02-13;13;1;8;2;1;2022;44;Sunday;February;Q1;Sun;Feb
8081;2022-02-14;2022-02-14;14;2;8;2;1;2022;45;Monday;February;Q1;Mon;Feb
8082;2022-02-15;2022-02-15;15;3;8;2;1;2022;46;Tuesday;February;Q1;Tue;Feb
8083;2022-02-16;2022-02-16;16;4;8;2;1;2022;47;Wednesday;February;Q1;Wed;Feb
8084;2022-02-17;2022-02-17;17;5;8;2;1;2022;48;Thursday;February;Q1;Thu;Feb
8085;2022-02-18;2022-02-18;18;6;8;2;1;2022;49;Friday;February;Q1;Fri;Feb
8086;2022-02-19;2022-02-19;19;7;8;2;1;2022;50;Saturday;February;Q1;Sat;Feb
8087;2022-02-20;2022-02-20;20;1;9;2;1;2022;51;Sunday;February;Q1;Sun;Feb
8088;2022-02-21;2022-02-21;21;2;9;2;1;2022;52;Monday;February;Q1;Mon;Feb
8089;2022-02-22;2022-02-22;22;3;9;2;1;2022;53;Tuesday;February;Q1;Tue;Feb
8090;2022-02-23;2022-02-23;23;4;9;2;1;2022;54;Wednesday;February;Q1;Wed;Feb
8091;2022-02-24;2022-02-24;24;5;9;2;1;2022;55;Thursday;February;Q1;Thu;Feb
8092;2022-02-25;2022-02-25;25;6;9;2;1;2022;56;Friday;February;Q1;Fri;Feb
8093;2022-02-26;2022-02-26;26;7;9;2;1;2022;57;Saturday;February;Q1;Sat;Feb
8094;2022-02-27;2022-02-27;27;1;10;2;1;2022;58;Sunday;February;Q1;Sun;Feb
8095;2022-02-28;2022-02-28;28;2;10;2;1;2022;59;Monday;February;Q1;Mon;Feb
8096;2022-03-01;2022-03-01;1;3;10;3;1;2022;60;Tuesday;March;Q1;Tue;Mar
8097;2022-03-02;2022-03-02;2;4;10;3;1;2022;61;Wednesday;March;Q1;Wed;Mar
8098;2022-03-03;2022-03-03;3;5;10;3;1;2022;62;Thursday;March;Q1;Thu;Mar
8099;2022-03-04;2022-03-04;4;6;10;3;1;2022;63;Friday;March;Q1;Fri;Mar
8100;2022-03-05;2022-03-05;5;7;10;3;1;2022;64;Saturday;March;Q1;Sat;Mar
8101;2022-03-06;2022-03-06;6;1;11;3;1;2022;65;Sunday;March;Q1;Sun;Mar
8102;2022-03-07;2022-03-07;7;2;11;3;1;2022;66;Monday;March;Q1;Mon;Mar
8103;2022-03-08;2022-03-08;8;3;11;3;1;2022;67;Tuesday;March;Q1;Tue;Mar
8104;2022-03-09;2022-03-09;9;4;11;3;1;2022;68;Wednesday;March;Q1;Wed;Mar
8105;2022-03-10;2022-03-10;10;5;11;3;1;2022;69;Thursday;March;Q1;Thu;Mar
8106;2022-03-11;2022-03-11;11;6;11;3;1;2022;70;Friday;March;Q1;Fri;Mar
8107;2022-03-12;2022-03-12;12;7;11;3;1;2022;71;Saturday;March;Q1;Sat;Mar
8108;2022-03-13;2022-03-13;13;1;12;3;1;2022;72;Sunday;March;Q1;Sun;Mar
8109;2022-03-14;2022-03-14;14;2;12;3;1;2022;73;Monday;March;Q1;Mon;Mar
8110;2022-03-15;2022-03-15;15;3;12;3;1;2022;74;Tuesday;March;Q1;Tue;Mar
8111;2022-03-16;2022-03-16;16;4;12;3;1;2022;75;Wednesday;March;Q1;Wed;Mar
8112;2022-03-17;2022-03-17;17;5;12;3;1;2022;76;Thursday;March;Q1;Thu;Mar
8113;2022-03-18;2022-03-18;18;6;12;3;1;2022;77;Friday;March;Q1;Fri;Mar
8114;2022-03-19;2022-03-19;19;7;12;3;1;2022;78;Saturday;March;Q1;Sat;Mar
8115;2022-03-20;2022-03-20;20;1;13;3;1;2022;79;Sunday;March;Q1;Sun;Mar
8116;2022-03-21;2022-03-21;21;2;13;3;1;2022;80;Monday;March;Q1;Mon;Mar
8117;2022-03-22;2022-03-22;22;3;13;3;1;2022;81;Tuesday;March;Q1;Tue;Mar
8118;2022-03-23;2022-03-23;23;4;13;3;1;2022;82;Wednesday;March;Q1;Wed;Mar
8119;2022-03-24;2022-03-24;24;5;13;3;1;2022;83;Thursday;March;Q1;Thu;Mar
8120;2022-03-25;2022-03-25;25;6;13;3;1;2022;84;Friday;March;Q1;Fri;Mar
8121;2022-03-26;2022-03-26;26;7;13;3;1;2022;85;Saturday;March;Q1;Sat;Mar
8122;2022-03-27;2022-03-27;27;1;14;3;1;2022;86;Sunday;March;Q1;Sun;Mar
8123;2022-03-28;2022-03-28;28;2;14;3;1;2022;87;Monday;March;Q1;Mon;Mar
8124;2022-03-29;2022-03-29;29;3;14;3;1;2022;88;Tuesday;March;Q1;Tue;Mar
8125;2022-03-30;2022-03-30;30;4;14;3;1;2022;89;Wednesday;March;Q1;Wed;Mar
8126;2022-03-31;2022-03-31;31;5;14;3;1;2022;90;Thursday;March;Q1;Thu;Mar
8127;2022-04-01;2022-04-01;1;6;14;4;2;2022;91;Friday;April;Q2;Fri;Apr
8128;2022-04-02;2022-04-02;2;7;14;4;2;2022;92;Saturday;April;Q2;Sat;Apr
8129;2022-04-03;2022-04-03;3;1;15;4;2;2022;93;Sunday;April;Q2;Sun;Apr
8130;2022-04-04;2022-04-04;4;2;15;4;2;2022;94;Monday;April;Q2;Mon;Apr
8131;2022-04-05;2022-04-05;5;3;15;4;2;2022;95;Tuesday;April;Q2;Tue;Apr
8132;2022-04-06;2022-04-06;6;4;15;4;2;2022;96;Wednesday;April;Q2;Wed;Apr
8133;2022-04-07;2022-04-07;7;5;15;4;2;2022;97;Thursday;April;Q2;Thu;Apr
8134;2022-04-08;2022-04-08;8;6;15;4;2;2022;98;Friday;April;Q2;Fri;Apr
8135;2022-04-09;2022-04-09;9;7;15;4;2;2022;99;Saturday;April;Q2;Sat;Apr
8136;2022-04-10;2022-04-10;10;1;16;4;2;2022;100;Sunday;April;Q2;Sun;Apr
8137;2022-04-11;2022-04-11;11;2;16;4;2;2022;101;Monday;April;Q2;Mon;Apr
8138;2022-04-12;2022-04-12;12;3;16;4;2;2022;102;Tuesday;April;Q2;Tue;Apr
8139;2022-04-13;2022-04-13;13;4;16;4;2;2022;103;Wednesday;April;Q2;Wed;Apr
8140;2022-04-14;2022-04-14;14;5;16;4;2;2022;104;Thursday;April;Q2;Thu;Apr
8141;2022-04-15;2022-04-15;15;6;16;4;2;2022;105;Friday;April;Q2;Fri;Apr
8142;2022-04-16;2022-04-16;16;7;16;4;2;2022;106;Saturday;April;Q2;Sat;Apr
8143;2022-04-17;2022-04-17;17;1;17;4;2;2022;107;Sunday;April;Q2;Sun;Apr
8144;2022-04-18;2022-04-18;18;2;17;4;2;2022;108;Monday;April;Q2;Mon;Apr
8145;2022-04-19;2022-04-19;19;3;17;4;2;2022;109;Tuesday;April;Q2;Tue;Apr
8146;2022-04-20;2022-04-20;20;4;17;4;2;2022;110;Wednesday;April;Q2;Wed;Apr
8147;2022-04-21;2022-04-21;21;5;17;4;2;2022;111;Thursday;April;Q2;Thu;Apr
8148;2022-04-22;2022-04-22;22;6;17;4;2;2022;112;Friday;April;Q2;Fri;Apr
8149;2022-04-23;2022-04-23;23;7;17;4;2;2022;113;Saturday;April;Q2;Sat;Apr
8150;2022-04-24;2022-04-24;24;1;18;4;2;2022;114;Sunday;April;Q2;Sun;Apr
8151;2022-04-25;2022-04-25;25;2;18;4;2;2022;115;Monday;April;Q2;Mon;Apr
8152;2022-04-26;2022-04-26;26;3;18;4;2;2022;116;Tuesday;April;Q2;Tue;Apr
8153;2022-04-27;2022-04-27;27;4;18;4;2;2022;117;Wednesday;April;Q2;Wed;Apr
8154;2022-04-28;2022-04-28;28;5;18;4;2;2022;118;Thursday;April;Q2;Thu;Apr
8155;2022-04-29;2022-04-29;29;6;18;4;2;2022;119;Friday;April;Q2;Fri;Apr
8156;2022-04-30;2022-04-30;30;7;18;4;2;2022;120;Saturday;April;Q2;Sat;Apr
8157;2022-05-01;2022-05-01;1;1;19;5;2;2022;121;Sunday;May;Q2;Sun;May
8158;2022-05-02;2022-05-02;2;2;19;5;2;2022;122;Monday;May;Q2;Mon;May
8159;2022-05-03;2022-05-03;3;3;19;5;2;2022;123;Tuesday;May;Q2;Tue;May
8160;2022-05-04;2022-05-04;4;4;19;5;2;2022;124;Wednesday;May;Q2;Wed;May
8161;2022-05-05;2022-05-05;5;5;19;5;2;2022;125;Thursday;May;Q2;Thu;May
8162;2022-05-06;2022-05-06;6;6;19;5;2;2022;126;Friday;May;Q2;Fri;May
8163;2022-05-07;2022-05-07;7;7;19;5;2;2022;127;Saturday;May;Q2;Sat;May
8164;2022-05-08;2022-05-08;8;1;20;5;2;2022;128;Sunday;May;Q2;Sun;May
8165;2022-05-09;2022-05-09;9;2;20;5;2;2022;129;Monday;May;Q2;Mon;May
8166;2022-05-10;2022-05-10;10;3;20;5;2;2022;130;Tuesday;May;Q2;Tue;May
8167;2022-05-11;2022-05-11;11;4;20;5;2;2022;131;Wednesday;May;Q2;Wed;May
8168;2022-05-12;2022-05-12;12;5;20;5;2;2022;132;Thursday;May;Q2;Thu;May
8169;2022-05-13;2022-05-13;13;6;20;5;2;2022;133;Friday;May;Q2;Fri;May
8170;2022-05-14;2022-05-14;14;7;20;5;2;2022;134;Saturday;May;Q2;Sat;May
8171;2022-05-15;2022-05-15;15;1;21;5;2;2022;135;Sunday;May;Q2;Sun;May
8172;2022-05-16;2022-05-16;16;2;21;5;2;2022;136;Monday;May;Q2;Mon;May
8173;2022-05-17;2022-05-17;17;3;21;5;2;2022;137;Tuesday;May;Q2;Tue;May
8174;2022-05-18;2022-05-18;18;4;21;5;2;2022;138;Wednesday;May;Q2;Wed;May
8175;2022-05-19;2022-05-19;19;5;21;5;2;2022;139;Thursday;May;Q2;Thu;May
8176;2022-05-20;2022-05-20;20;6;21;5;2;2022;140;Friday;May;Q2;Fri;May
8177;2022-05-21;2022-05-21;21;7;21;5;2;2022;141;Saturday;May;Q2;Sat;May
8178;2022-05-22;2022-05-22;22;1;22;5;2;2022;142;Sunday;May;Q2;Sun;May
8179;2022-05-23;2022-05-23;23;2;22;5;2;2022;143;Monday;May;Q2;Mon;May
8180;2022-05-24;2022-05-24;24;3;22;5;2;2022;144;Tuesday;May;Q2;Tue;May
8181;2022-05-25;2022-05-25;25;4;22;5;2;2022;145;Wednesday;May;Q2;Wed;May
8182;2022-05-26;2022-05-26;26;5;22;5;2;2022;146;Thursday;May;Q2;Thu;May
8183;2022-05-27;2022-05-27;27;6;22;5;2;2022;147;Friday;May;Q2;Fri;May
8184;2022-05-28;2022-05-28;28;7;22;5;2;2022;148;Saturday;May;Q2;Sat;May
8185;2022-05-29;2022-05-29;29;1;23;5;2;2022;149;Sunday;May;Q2;Sun;May
8186;2022-05-30;2022-05-30;30;2;23;5;2;2022;150;Monday;May;Q2;Mon;May
8187;2022-05-31;2022-05-31;31;3;23;5;2;2022;151;Tuesday;May;Q2;Tue;May
8188;2022-06-01;2022-06-01;1;4;23;6;2;2022;152;Wednesday;June;Q2;Wed;Jun
8189;2022-06-02;2022-06-02;2;5;23;6;2;2022;153;Thursday;June;Q2;Thu;Jun
8190;2022-06-03;2022-06-03;3;6;23;6;2;2022;154;Friday;June;Q2;Fri;Jun
8191;2022-06-04;2022-06-04;4;7;23;6;2;2022;155;Saturday;June;Q2;Sat;Jun
8192;2022-06-05;2022-06-05;5;1;24;6;2;2022;156;Sunday;June;Q2;Sun;Jun
8193;2022-06-06;2022-06-06;6;2;24;6;2;2022;157;Monday;June;Q2;Mon;Jun
8194;2022-06-07;2022-06-07;7;3;24;6;2;2022;158;Tuesday;June;Q2;Tue;Jun
8195;2022-06-08;2022-06-08;8;4;24;6;2;2022;159;Wednesday;June;Q2;Wed;Jun
8196;2022-06-09;2022-06-09;9;5;24;6;2;2022;160;Thursday;June;Q2;Thu;Jun
8197;2022-06-10;2022-06-10;10;6;24;6;2;2022;161;Friday;June;Q2;Fri;Jun
8198;2022-06-11;2022-06-11;11;7;24;6;2;2022;162;Saturday;June;Q2;Sat;Jun
8199;2022-06-12;2022-06-12;12;1;25;6;2;2022;163;Sunday;June;Q2;Sun;Jun
8200;2022-06-13;2022-06-13;13;2;25;6;2;2022;164;Monday;June;Q2;Mon;Jun
8201;2022-06-14;2022-06-14;14;3;25;6;2;2022;165;Tuesday;June;Q2;Tue;Jun
8202;2022-06-15;2022-06-15;15;4;25;6;2;2022;166;Wednesday;June;Q2;Wed;Jun
8203;2022-06-16;2022-06-16;16;5;25;6;2;2022;167;Thursday;June;Q2;Thu;Jun
8204;2022-06-17;2022-06-17;17;6;25;6;2;2022;168;Friday;June;Q2;Fri;Jun
8205;2022-06-18;2022-06-18;18;7;25;6;2;2022;169;Saturday;June;Q2;Sat;Jun
8206;2022-06-19;2022-06-19;19;1;26;6;2;2022;170;Sunday;June;Q2;Sun;Jun
8207;2022-06-20;2022-06-20;20;2;26;6;2;2022;171;Monday;June;Q2;Mon;Jun
8208;2022-06-21;2022-06-21;21;3;26;6;2;2022;172;Tuesday;June;Q2;Tue;Jun
8209;2022-06-22;2022-06-22;22;4;26;6;2;2022;173;Wednesday;June;Q2;Wed;Jun
8210;2022-06-23;2022-06-23;23;5;26;6;2;2022;174;Thursday;June;Q2;Thu;Jun
8211;2022-06-24;2022-06-24;24;6;26;6;2;2022;175;Friday;June;Q2;Fri;Jun
8212;2022-06-25;2022-06-25;25;7;26;6;2;2022;176;Saturday;June;Q2;Sat;Jun
8213;2022-06-26;2022-06-26;26;1;27;6;2;2022;177;Sunday;June;Q2;Sun;Jun
8214;2022-06-27;2022-06-27;27;2;27;6;2;2022;178;Monday;June;Q2;Mon;Jun
8215;2022-06-28;2022-06-28;28;3;27;6;2;2022;179;Tuesday;June;Q2;Tue;Jun
8216;2022-06-29;2022-06-29;29;4;27;6;2;2022;180;Wednesday;June;Q2;Wed;Jun
8217;2022-06-30;2022-06-30;30;5;27;6;2;2022;181;Thursday;June;Q2;Thu;Jun
8218;2022-07-01;2022-07-01;1;6;27;7;3;2022;182;Friday;July;Q3;Fri;Jul
8219;2022-07-02;2022-07-02;2;7;27;7;3;2022;183;Saturday;July;Q3;Sat;Jul
8220;2022-07-03;2022-07-03;3;1;28;7;3;2022;184;Sunday;July;Q3;Sun;Jul
8221;2022-07-04;2022-07-04;4;2;28;7;3;2022;185;Monday;July;Q3;Mon;Jul
8222;2022-07-05;2022-07-05;5;3;28;7;3;2022;186;Tuesday;July;Q3;Tue;Jul
8223;2022-07-06;2022-07-06;6;4;28;7;3;2022;187;Wednesday;July;Q3;Wed;Jul
8224;2022-07-07;2022-07-07;7;5;28;7;3;2022;188;Thursday;July;Q3;Thu;Jul
8225;2022-07-08;2022-07-08;8;6;28;7;3;2022;189;Friday;July;Q3;Fri;Jul
8226;2022-07-09;2022-07-09;9;7;28;7;3;2022;190;Saturday;July;Q3;Sat;Jul
8227;2022-07-10;2022-07-10;10;1;29;7;3;2022;191;Sunday;July;Q3;Sun;Jul
8228;2022-07-11;2022-07-11;11;2;29;7;3;2022;192;Monday;July;Q3;Mon;Jul
8229;2022-07-12;2022-07-12;12;3;29;7;3;2022;193;Tuesday;July;Q3;Tue;Jul
8230;2022-07-13;2022-07-13;13;4;29;7;3;2022;194;Wednesday;July;Q3;Wed;Jul
8231;2022-07-14;2022-07-14;14;5;29;7;3;2022;195;Thursday;July;Q3;Thu;Jul
8232;2022-07-15;2022-07-15;15;6;29;7;3;2022;196;Friday;July;Q3;Fri;Jul
8233;2022-07-16;2022-07-16;16;7;29;7;3;2022;197;Saturday;July;Q3;Sat;Jul
8234;2022-07-17;2022-07-17;17;1;30;7;3;2022;198;Sunday;July;Q3;Sun;Jul
8235;2022-07-18;2022-07-18;18;2;30;7;3;2022;199;Monday;July;Q3;Mon;Jul
8236;2022-07-19;2022-07-19;19;3;30;7;3;2022;200;Tuesday;July;Q3;Tue;Jul
8237;2022-07-20;2022-07-20;20;4;30;7;3;2022;201;Wednesday;July;Q3;Wed;Jul
8238;2022-07-21;2022-07-21;21;5;30;7;3;2022;202;Thursday;July;Q3;Thu;Jul
8239;2022-07-22;2022-07-22;22;6;30;7;3;2022;203;Friday;July;Q3;Fri;Jul
8240;2022-07-23;2022-07-23;23;7;30;7;3;2022;204;Saturday;July;Q3;Sat;Jul
8241;2022-07-24;2022-07-24;24;1;31;7;3;2022;205;Sunday;July;Q3;Sun;Jul
8242;2022-07-25;2022-07-25;25;2;31;7;3;2022;206;Monday;July;Q3;Mon;Jul
8243;2022-07-26;2022-07-26;26;3;31;7;3;2022;207;Tuesday;July;Q3;Tue;Jul
8244;2022-07-27;2022-07-27;27;4;31;7;3;2022;208;Wednesday;July;Q3;Wed;Jul
8245;2022-07-28;2022-07-28;28;5;31;7;3;2022;209;Thursday;July;Q3;Thu;Jul
8246;2022-07-29;2022-07-29;29;6;31;7;3;2022;210;Friday;July;Q3;Fri;Jul
8247;2022-07-30;2022-07-30;30;7;31;7;3;2022;211;Saturday;July;Q3;Sat;Jul
8248;2022-07-31;2022-07-31;31;1;32;7;3;2022;212;Sunday;July;Q3;Sun;Jul
8249;2022-08-01;2022-08-01;1;2;32;8;3;2022;213;Monday;August;Q3;Mon;Aug
8250;2022-08-02;2022-08-02;2;3;32;8;3;2022;214;Tuesday;August;Q3;Tue;Aug
8251;2022-08-03;2022-08-03;3;4;32;8;3;2022;215;Wednesday;August;Q3;Wed;Aug
8252;2022-08-04;2022-08-04;4;5;32;8;3;2022;216;Thursday;August;Q3;Thu;Aug
8253;2022-08-05;2022-08-05;5;6;32;8;3;2022;217;Friday;August;Q3;Fri;Aug
8254;2022-08-06;2022-08-06;6;7;32;8;3;2022;218;Saturday;August;Q3;Sat;Aug
8255;2022-08-07;2022-08-07;7;1;33;8;3;2022;219;Sunday;August;Q3;Sun;Aug
8256;2022-08-08;2022-08-08;8;2;33;8;3;2022;220;Monday;August;Q3;Mon;Aug
8257;2022-08-09;2022-08-09;9;3;33;8;3;2022;221;Tuesday;August;Q3;Tue;Aug
8258;2022-08-10;2022-08-10;10;4;33;8;3;2022;222;Wednesday;August;Q3;Wed;Aug
8259;2022-08-11;2022-08-11;11;5;33;8;3;2022;223;Thursday;August;Q3;Thu;Aug
8260;2022-08-12;2022-08-12;12;6;33;8;3;2022;224;Friday;August;Q3;Fri;Aug
8261;2022-08-13;2022-08-13;13;7;33;8;3;2022;225;Saturday;August;Q3;Sat;Aug
8262;2022-08-14;2022-08-14;14;1;34;8;3;2022;226;Sunday;August;Q3;Sun;Aug
8263;2022-08-15;2022-08-15;15;2;34;8;3;2022;227;Monday;August;Q3;Mon;Aug
8264;2022-08-16;2022-08-16;16;3;34;8;3;2022;228;Tuesday;August;Q3;Tue;Aug
8265;2022-08-17;2022-08-17;17;4;34;8;3;2022;229;Wednesday;August;Q3;Wed;Aug
8266;2022-08-18;2022-08-18;18;5;34;8;3;2022;230;Thursday;August;Q3;Thu;Aug
8267;2022-08-19;2022-08-19;19;6;34;8;3;2022;231;Friday;August;Q3;Fri;Aug
8268;2022-08-20;2022-08-20;20;7;34;8;3;2022;232;Saturday;August;Q3;Sat;Aug
8269;2022-08-21;2022-08-21;21;1;35;8;3;2022;233;Sunday;August;Q3;Sun;Aug
8270;2022-08-22;2022-08-22;22;2;35;8;3;2022;234;Monday;August;Q3;Mon;Aug
8271;2022-08-23;2022-08-23;23;3;35;8;3;2022;235;Tuesday;August;Q3;Tue;Aug
8272;2022-08-24;2022-08-24;24;4;35;8;3;2022;236;Wednesday;August;Q3;Wed;Aug
8273;2022-08-25;2022-08-25;25;5;35;8;3;2022;237;Thursday;August;Q3;Thu;Aug
8274;2022-08-26;2022-08-26;26;6;35;8;3;2022;238;Friday;August;Q3;Fri;Aug
8275;2022-08-27;2022-08-27;27;7;35;8;3;2022;239;Saturday;August;Q3;Sat;Aug
8276;2022-08-28;2022-08-28;28;1;36;8;3;2022;240;Sunday;August;Q3;Sun;Aug
8277;2022-08-29;2022-08-29;29;2;36;8;3;2022;241;Monday;August;Q3;Mon;Aug
8278;2022-08-30;2022-08-30;30;3;36;8;3;2022;242;Tuesday;August;Q3;Tue;Aug
8279;2022-08-31;2022-08-31;31;4;36;8;3;2022;243;Wednesday;August;Q3;Wed;Aug
8280;2022-09-01;2022-09-01;1;5;36;9;3;2022;244;Thursday;September;Q3;Thu;Sep
8281;2022-09-02;2022-09-02;2;6;36;9;3;2022;245;Friday;September;Q3;Fri;Sep
8282;2022-09-03;2022-09-03;3;7;36;9;3;2022;246;Saturday;September;Q3;Sat;Sep
8283;2022-09-04;2022-09-04;4;1;37;9;3;2022;247;Sunday;September;Q3;Sun;Sep
8284;2022-09-05;2022-09-05;5;2;37;9;3;2022;248;Monday;September;Q3;Mon;Sep
8285;2022-09-06;2022-09-06;6;3;37;9;3;2022;249;Tuesday;September;Q3;Tue;Sep
8286;2022-09-07;2022-09-07;7;4;37;9;3;2022;250;Wednesday;September;Q3;Wed;Sep
8287;2022-09-08;2022-09-08;8;5;37;9;3;2022;251;Thursday;September;Q3;Thu;Sep
8288;2022-09-09;2022-09-09;9;6;37;9;3;2022;252;Friday;September;Q3;Fri;Sep
8289;2022-09-10;2022-09-10;10;7;37;9;3;2022;253;Saturday;September;Q3;Sat;Sep
8290;2022-09-11;2022-09-11;11;1;38;9;3;2022;254;Sunday;September;Q3;Sun;Sep
8291;2022-09-12;2022-09-12;12;2;38;9;3;2022;255;Monday;September;Q3;Mon;Sep
8292;2022-09-13;2022-09-13;13;3;38;9;3;2022;256;Tuesday;September;Q3;Tue;Sep
8293;2022-09-14;2022-09-14;14;4;38;9;3;2022;257;Wednesday;September;Q3;Wed;Sep
8294;2022-09-15;2022-09-15;15;5;38;9;3;2022;258;Thursday;September;Q3;Thu;Sep
8295;2022-09-16;2022-09-16;16;6;38;9;3;2022;259;Friday;September;Q3;Fri;Sep
8296;2022-09-17;2022-09-17;17;7;38;9;3;2022;260;Saturday;September;Q3;Sat;Sep
8297;2022-09-18;2022-09-18;18;1;39;9;3;2022;261;Sunday;September;Q3;Sun;Sep
8298;2022-09-19;2022-09-19;19;2;39;9;3;2022;262;Monday;September;Q3;Mon;Sep
8299;2022-09-20;2022-09-20;20;3;39;9;3;2022;263;Tuesday;September;Q3;Tue;Sep
8300;2022-09-21;2022-09-21;21;4;39;9;3;2022;264;Wednesday;September;Q3;Wed;Sep
8301;2022-09-22;2022-09-22;22;5;39;9;3;2022;265;Thursday;September;Q3;Thu;Sep
8302;2022-09-23;2022-09-23;23;6;39;9;3;2022;266;Friday;September;Q3;Fri;Sep
8303;2022-09-24;2022-09-24;24;7;39;9;3;2022;267;Saturday;September;Q3;Sat;Sep
8304;2022-09-25;2022-09-25;25;1;40;9;3;2022;268;Sunday;September;Q3;Sun;Sep
8305;2022-09-26;2022-09-26;26;2;40;9;3;2022;269;Monday;September;Q3;Mon;Sep
8306;2022-09-27;2022-09-27;27;3;40;9;3;2022;270;Tuesday;September;Q3;Tue;Sep
8307;2022-09-28;2022-09-28;28;4;40;9;3;2022;271;Wednesday;September;Q3;Wed;Sep
8308;2022-09-29;2022-09-29;29;5;40;9;3;2022;272;Thursday;September;Q3;Thu;Sep
8309;2022-09-30;2022-09-30;30;6;40;9;3;2022;273;Friday;September;Q3;Fri;Sep
8310;2022-10-01;2022-10-01;1;7;40;10;4;2022;274;Saturday;October;Q4;Sat;Oct
8311;2022-10-02;2022-10-02;2;1;41;10;4;2022;275;Sunday;October;Q4;Sun;Oct
8312;2022-10-03;2022-10-03;3;2;41;10;4;2022;276;Monday;October;Q4;Mon;Oct
8313;2022-10-04;2022-10-04;4;3;41;10;4;2022;277;Tuesday;October;Q4;Tue;Oct
8314;2022-10-05;2022-10-05;5;4;41;10;4;2022;278;Wednesday;October;Q4;Wed;Oct
8315;2022-10-06;2022-10-06;6;5;41;10;4;2022;279;Thursday;October;Q4;Thu;Oct
8316;2022-10-07;2022-10-07;7;6;41;10;4;2022;280;Friday;October;Q4;Fri;Oct
8317;2022-10-08;2022-10-08;8;7;41;10;4;2022;281;Saturday;October;Q4;Sat;Oct
8318;2022-10-09;2022-10-09;9;1;42;10;4;2022;282;Sunday;October;Q4;Sun;Oct
8319;2022-10-10;2022-10-10;10;2;42;10;4;2022;283;Monday;October;Q4;Mon;Oct
8320;2022-10-11;2022-10-11;11;3;42;10;4;2022;284;Tuesday;October;Q4;Tue;Oct
8321;2022-10-12;2022-10-12;12;4;42;10;4;2022;285;Wednesday;October;Q4;Wed;Oct
8322;2022-10-13;2022-10-13;13;5;42;10;4;2022;286;Thursday;October;Q4;Thu;Oct
8323;2022-10-14;2022-10-14;14;6;42;10;4;2022;287;Friday;October;Q4;Fri;Oct
8324;2022-10-15;2022-10-15;15;7;42;10;4;2022;288;Saturday;October;Q4;Sat;Oct
8325;2022-10-16;2022-10-16;16;1;43;10;4;2022;289;Sunday;October;Q4;Sun;Oct
8326;2022-10-17;2022-10-17;17;2;43;10;4;2022;290;Monday;October;Q4;Mon;Oct
8327;2022-10-18;2022-10-18;18;3;43;10;4;2022;291;Tuesday;October;Q4;Tue;Oct
8328;2022-10-19;2022-10-19;19;4;43;10;4;2022;292;Wednesday;October;Q4;Wed;Oct
8329;2022-10-20;2022-10-20;20;5;43;10;4;2022;293;Thursday;October;Q4;Thu;Oct
8330;2022-10-21;2022-10-21;21;6;43;10;4;2022;294;Friday;October;Q4;Fri;Oct
8331;2022-10-22;2022-10-22;22;7;43;10;4;2022;295;Saturday;October;Q4;Sat;Oct
8332;2022-10-23;2022-10-23;23;1;44;10;4;2022;296;Sunday;October;Q4;Sun;Oct
8333;2022-10-24;2022-10-24;24;2;44;10;4;2022;297;Monday;October;Q4;Mon;Oct
8334;2022-10-25;2022-10-25;25;3;44;10;4;2022;298;Tuesday;October;Q4;Tue;Oct
8335;2022-10-26;2022-10-26;26;4;44;10;4;2022;299;Wednesday;October;Q4;Wed;Oct
8336;2022-10-27;2022-10-27;27;5;44;10;4;2022;300;Thursday;October;Q4;Thu;Oct
8337;2022-10-28;2022-10-28;28;6;44;10;4;2022;301;Friday;October;Q4;Fri;Oct
8338;2022-10-29;2022-10-29;29;7;44;10;4;2022;302;Saturday;October;Q4;Sat;Oct
8339;2022-10-30;2022-10-30;30;1;45;10;4;2022;303;Sunday;October;Q4;Sun;Oct
8340;2022-10-31;2022-10-31;31;2;45;10;4;2022;304;Monday;October;Q4;Mon;Oct
8341;2022-11-01;2022-11-01;1;3;45;11;4;2022;305;Tuesday;November;Q4;Tue;Nov
8342;2022-11-02;2022-11-02;2;4;45;11;4;2022;306;Wednesday;November;Q4;Wed;Nov
8343;2022-11-03;2022-11-03;3;5;45;11;4;2022;307;Thursday;November;Q4;Thu;Nov
8344;2022-11-04;2022-11-04;4;6;45;11;4;2022;308;Friday;November;Q4;Fri;Nov
8345;2022-11-05;2022-11-05;5;7;45;11;4;2022;309;Saturday;November;Q4;Sat;Nov
8346;2022-11-06;2022-11-06;6;1;46;11;4;2022;310;Sunday;November;Q4;Sun;Nov
8347;2022-11-07;2022-11-07;7;2;46;11;4;2022;311;Monday;November;Q4;Mon;Nov
8348;2022-11-08;2022-11-08;8;3;46;11;4;2022;312;Tuesday;November;Q4;Tue;Nov
8349;2022-11-09;2022-11-09;9;4;46;11;4;2022;313;Wednesday;November;Q4;Wed;Nov
8350;2022-11-10;2022-11-10;10;5;46;11;4;2022;314;Thursday;November;Q4;Thu;Nov
8351;2022-11-11;2022-11-11;11;6;46;11;4;2022;315;Friday;November;Q4;Fri;Nov
8352;2022-11-12;2022-11-12;12;7;46;11;4;2022;316;Saturday;November;Q4;Sat;Nov
8353;2022-11-13;2022-11-13;13;1;47;11;4;2022;317;Sunday;November;Q4;Sun;Nov
8354;2022-11-14;2022-11-14;14;2;47;11;4;2022;318;Monday;November;Q4;Mon;Nov
8355;2022-11-15;2022-11-15;15;3;47;11;4;2022;319;Tuesday;November;Q4;Tue;Nov
8356;2022-11-16;2022-11-16;16;4;47;11;4;2022;320;Wednesday;November;Q4;Wed;Nov
8357;2022-11-17;2022-11-17;17;5;47;11;4;2022;321;Thursday;November;Q4;Thu;Nov
8358;2022-11-18;2022-11-18;18;6;47;11;4;2022;322;Friday;November;Q4;Fri;Nov
8359;2022-11-19;2022-11-19;19;7;47;11;4;2022;323;Saturday;November;Q4;Sat;Nov
8360;2022-11-20;2022-11-20;20;1;48;11;4;2022;324;Sunday;November;Q4;Sun;Nov
8361;2022-11-21;2022-11-21;21;2;48;11;4;2022;325;Monday;November;Q4;Mon;Nov
8362;2022-11-22;2022-11-22;22;3;48;11;4;2022;326;Tuesday;November;Q4;Tue;Nov
8363;2022-11-23;2022-11-23;23;4;48;11;4;2022;327;Wednesday;November;Q4;Wed;Nov
8364;2022-11-24;2022-11-24;24;5;48;11;4;2022;328;Thursday;November;Q4;Thu;Nov
8365;2022-11-25;2022-11-25;25;6;48;11;4;2022;329;Friday;November;Q4;Fri;Nov
8366;2022-11-26;2022-11-26;26;7;48;11;4;2022;330;Saturday;November;Q4;Sat;Nov
8367;2022-11-27;2022-11-27;27;1;49;11;4;2022;331;Sunday;November;Q4;Sun;Nov
8368;2022-11-28;2022-11-28;28;2;49;11;4;2022;332;Monday;November;Q4;Mon;Nov
8369;2022-11-29;2022-11-29;29;3;49;11;4;2022;333;Tuesday;November;Q4;Tue;Nov
8370;2022-11-30;2022-11-30;30;4;49;11;4;2022;334;Wednesday;November;Q4;Wed;Nov
8371;2022-12-01;2022-12-01;1;5;49;12;4;2022;335;Thursday;December;Q4;Thu;Dec
8372;2022-12-02;2022-12-02;2;6;49;12;4;2022;336;Friday;December;Q4;Fri;Dec
8373;2022-12-03;2022-12-03;3;7;49;12;4;2022;337;Saturday;December;Q4;Sat;Dec
8374;2022-12-04;2022-12-04;4;1;50;12;4;2022;338;Sunday;December;Q4;Sun;Dec
8375;2022-12-05;2022-12-05;5;2;50;12;4;2022;339;Monday;December;Q4;Mon;Dec
8376;2022-12-06;2022-12-06;6;3;50;12;4;2022;340;Tuesday;December;Q4;Tue;Dec
8377;2022-12-07;2022-12-07;7;4;50;12;4;2022;341;Wednesday;December;Q4;Wed;Dec
8378;2022-12-08;2022-12-08;8;5;50;12;4;2022;342;Thursday;December;Q4;Thu;Dec
8379;2022-12-09;2022-12-09;9;6;50;12;4;2022;343;Friday;December;Q4;Fri;Dec
8380;2022-12-10;2022-12-10;10;7;50;12;4;2022;344;Saturday;December;Q4;Sat;Dec
8381;2022-12-11;2022-12-11;11;1;51;12;4;2022;345;Sunday;December;Q4;Sun;Dec
8382;2022-12-12;2022-12-12;12;2;51;12;4;2022;346;Monday;December;Q4;Mon;Dec
8383;2022-12-13;2022-12-13;13;3;51;12;4;2022;347;Tuesday;December;Q4;Tue;Dec
8384;2022-12-14;2022-12-14;14;4;51;12;4;2022;348;Wednesday;December;Q4;Wed;Dec
8385;2022-12-15;2022-12-15;15;5;51;12;4;2022;349;Thursday;December;Q4;Thu;Dec
8386;2022-12-16;2022-12-16;16;6;51;12;4;2022;350;Friday;December;Q4;Fri;Dec
8387;2022-12-17;2022-12-17;17;7;51;12;4;2022;351;Saturday;December;Q4;Sat;Dec
8388;2022-12-18;2022-12-18;18;1;52;12;4;2022;352;Sunday;December;Q4;Sun;Dec
8389;2022-12-19;2022-12-19;19;2;52;12;4;2022;353;Monday;December;Q4;Mon;Dec
8390;2022-12-20;2022-12-20;20;3;52;12;4;2022;354;Tuesday;December;Q4;Tue;Dec
8391;2022-12-21;2022-12-21;21;4;52;12;4;2022;355;Wednesday;December;Q4;Wed;Dec
8392;2022-12-22;2022-12-22;22;5;52;12;4;2022;356;Thursday;December;Q4;Thu;Dec
8393;2022-12-23;2022-12-23;23;6;52;12;4;2022;357;Friday;December;Q4;Fri;Dec
8394;2022-12-24;2022-12-24;24;7;52;12;4;2022;358;Saturday;December;Q4;Sat;Dec
8395;2022-12-25;2022-12-25;25;1;53;12;4;2022;359;Sunday;December;Q4;Sun;Dec
8396;2022-12-26;2022-12-26;26;2;53;12;4;2022;360;Monday;December;Q4;Mon;Dec
8397;2022-12-27;2022-12-27;27;3;53;12;4;2022;361;Tuesday;December;Q4;Tue;Dec
8398;2022-12-28;2022-12-28;28;4;53;12;4;2022;362;Wednesday;December;Q4;Wed;Dec
8399;2022-12-29;2022-12-29;29;5;53;12;4;2022;363;Thursday;December;Q4;Thu;Dec
8400;2022-12-30;2022-12-30;30;6;53;12;4;2022;364;Friday;December;Q4;Fri;Dec
8401;2022-12-31;2022-12-31;31;7;53;12;4;2022;365;Saturday;December;Q4;Sat;Dec
