gruppe,name,email,github_username
,Ky Duyen Doan,ky-duyen.doan@stud.hs-hannover.de,
,Bouchra Elbarji,bouchra.elbarji@stud.hs-hannover.de,
,Daniel Engel,daniel.engel@stud.hs-hannover.de,
,Ary Farag,ary.farag@stud.hs-hannover.de,
,Selim Franz,selim.franz@stud.hs-hannover.de,
,Muhammed Gök,muhammed.goek@stud.hs-hannover.de,
,Bettina Habenicht,bettina.habenicht@stud.hs-hannover.de,
,Sayed Mahdi Hashemi,sayed-mahdi.hashemi@stud.hs-hannover.de,
,Umar Humasev,umar.ruslanovic-humasev@stud.hs-hannover.de,
,Jonathan Jacob,jonathan.jacob@stud.hs-hannover.de,
,Baran Kilic,baran.kilic@stud.hs-hannover.de,
,Tobias Krämer,tobias.kraemer@stud.hs-hannover.de,
,Joyce Mirella Kuetche Dongue,joyce-mirella.kuetche-dongue@stud.hs-hannover.de,
,Bogdan Mosmann,bogdan.mosmann@stud.hs-hannover.de,
,Fynn Nehmer,fynn.nehmer@stud.hs-hannover.de,
,Meriem Othmani,meriem.othmani@stud.hs-hannover.de,
,Daniel Pessler,daniel.pessler@stud.hs-hannover.de,
,Ramneet Singh,ramneet.singh@stud.hs-hannover.de,
,Tim-Benjamin Süther,tim-benjamin.suether@stud.hs-hannover.de,
,Alexander Trifonov,aleksandr.trifonov@stud.hs-hannover.de,
